[
  {
    "title": "Garfield at Large: His First Book",
    "release_date": "September 16, 1980"
  },
  {
    "title": "Garfield Gains Weight: His Second Book",
    "release_date": "March 25, 1981"
  },
  {
    "title": "Garfield Bigger Than Life: His Third Book",
    "release_date": "September 8, 1981"
  },
  {
    "title": "Garfield Weighs In: His Fourth Book",
    "release_date": "March 15, 1982"
  },
  {
    "title": "Garfield Takes the Cake: His Fifth Book",
    "release_date": "June 16, 1982"
  },
  {
    "title": "Garfield Eats His Heart Out: His Sixth Book",
    "release_date": "February 12, 1983"
  },
  {
    "title": "Garfield Sits Around the House: His Seventh Book",
    "release_date": "March 10, 1983"
  },
  {
    "title": "Garfield Tips the Scales: His Eighth Book",
    "release_date": "February 12, 1984"
  },
  {
    "title": "Garfield Loses His Feet: His Ninth Book",
    "release_date": "September 12, 1984"
  },
  {
    "title": "Garfield Makes It Big: His 10th Book",
    "release_date": "February 12, 1985"
  },
  {
    "title": "Garfield Rolls On: His 11th Book",
    "release_date": "September 12, 1985"
  },
  {
    "title": "Garfield Out to Lunch: His 12th Book",
    "release_date": "February 12, 1986"
  },
  {
    "title": "Garfield Food for Thought: His 13th Book",
    "release_date": "February 12, 1987"
  },
  {
    "title": "Garfield Swallows His Pride: His 14th Book",
    "release_date": "September 12, 1987"
  },
  {
    "title": "Garfield Worldwide: His 15th Book",
    "release_date": "February 12, 1988"
  },
  {
    "title": "Garfield Rounds Out: His 16th Book",
    "release_date": "September 12, 1988"
  },
  {
    "title": "Garfield Chews the Fat: His 17th Book",
    "release_date": "February 18, 1989"
  },
  {
    "title": "Garfield Goes to Waist: His 18th Book",
    "release_date": "February 24, 1990"
  },
  {
    "title": "Garfield Hangs Out: His 19th Book",
    "release_date": "October 3, 1990"
  },
  {
    "title": "Garfield Takes Up Space: His 20th Book",
    "release_date": "February 13, 1991"
  },
  {
    "title": "Garfield Says a Mouthful: His 21st Book",
    "release_date": "September 24, 1991"
  },
  {
    "title": "Garfield By the Pound: His 22nd Book",
    "release_date": "February 25, 1992"
  },
  {
    "title": "Garfield Keeps His Chins Up: His 23rd Book",
    "release_date": "September 8, 1992"
  },
  {
    "title": "Garfield Takes His Licks: His 24th Book",
    "release_date": "February 10, 1993"
  },
  {
    "title": "Garfield Hits the Big Time: His 25th Book",
    "release_date": "August 24, 1993"
  },
  {
    "title": "Garfield Pulls His Weight: His 26th Book",
    "release_date": "September 20, 1994"
  },
  {
    "title": "Garfield Dishes It Out: His 27th Book",
    "release_date": "February 14, 1995"
  },
  {
    "title": "Garfield Life in the Fat Lane: His 28th Book",
    "release_date": "September 26, 1995"
  },
  {
    "title": "Garfield Tons of Fun: His 29th Book",
    "release_date": "February 13, 1996"
  },
  {
    "title": "Garfield Bigger and Better: His 30th Book",
    "release_date": "September 24, 1996"
  },
  {
    "title": "Garfield Hams it Up: His 31st Book",
    "release_date": "March 11, 1997"
  },
  {
    "title": "Garfield Thinks Big: His 32nd Book",
    "release_date": "October 7, 1997"
  },
  {
    "title": "Garfield Throws His Weight Around: His 33rd Book",
    "release_date": "October 6, 1998"
  },
  {
    "title": "Garfield Life to the Fullest: His 34th Book",
    "release_date": "February 22, 1999"
  },
  {
    "title": "Garfield Feeds the Kitty: His 35th Book",
    "release_date": "August 31, 1999"
  },
  {
    "title": "Garfield Hogs the Spotlight: His 36th Book",
    "release_date": "February 29, 2000"
  },
  {
    "title": "Garfield Beefs Up: His 37th Book",
    "release_date": "October 3, 2000"
  },
  {
    "title": "Garfield Gets Cookin’: His 38th Book",
    "release_date": "October 2, 2001"
  },
  {
    "title": "Garfield Eats Crow: His 39th Book",
    "release_date": "January 1, 2003"
  },
  {
    "title": "Garfield: Survival of the Fattest: His 40th Book",
    "release_date": "February 3, 2004"
  },
  {
    "title": "Garfield Older and Wider: His 41st Book",
    "release_date": "January 25, 2005"
  },
  {
    "title": "Garfield Pigs Out: His 42nd Book",
    "release_date": "February 7, 2006"
  },
  {
    "title": "Garfield Blots Out the Sun: His 43rd Book",
    "release_date": "January 30, 2007"
  },
  {
    "title": "Garfield Goes Bananas: His 44th Book",
    "release_date": "August 28, 2007"
  },
  {
    "title": "Garfield Large & In Charge: His 45th Book",
    "release_date": "January 29, 2008"
  },
  {
    "title": "Garfield Spills the Beans: His 46th Book",
    "release_date": "September 30, 2008"
  },
  {
    "title": "Garfield Gets His Just Desserts: His 47th Book",
    "release_date": "January 27, 2009"
  },
  {
    "title": "Garfield Will Eat For Food: His 48th Book",
    "release_date": "August 25, 2009"
  },
  {
    "title": "Garfield Weighs His Options: His 49th Book",
    "release_date": "January 26, 2010"
  },
  {
    "title": "Garfield Potbelly of Gold: His 50th Book",
    "release_date": "August 31, 2010"
  },
  {
    "title": "Garfield Shovels It In: His 51st Book",
    "release_date": "January 25, 2011"
  },
  {
    "title": "Garfield Lard of the Jungle: His 52nd Book",
    "release_date": "August 30, 2011"
  },
  {
    "title": "Garfield Brings Home The Bacon: His 53rd Book",
    "release_date": "January 31, 2012"
  },
  {
    "title": "Garfield Gets in a Pickle: His 54th Book",
    "release_date": "September 11, 2012"
  },
  {
    "title": "Garfield Sings for His Supper: His 55th Book",
    "release_date": "March 12, 2013"
  },
  {
    "title": "Garfield Caution: Wide Load: His 56th Book",
    "release_date": "September 10, 2013"
  },
  {
    "title": "Garfield Souped Up: His 57th Book",
    "release_date": "January 28, 2014"
  },
  {
    "title": "Garfield Goes To His Happy Place: His 58th Book",
    "release_date": "August 26, 2014"
  },
  {
    "title": "Garfield the Big Cheese: His 59th Book",
    "release_date": "January 27, 2015"
  },
  {
    "title": "Garfield Cleans His Plate: His 60th Book",
    "release_date": "August 25, 2015"
  },
  {
    "title": "Garfield Chickens Out: His 61st Book",
    "release_date": "May 10, 2016"
  },
  {
    "title": "Garfield Listens To His Gut: His 62nd Book",
    "release_date": "42724"
  },
  {
    "title": "Garfield Cooks Up Trouble: His 63rd Book",
    "release_date": "June 13, 2017"
  },
  {
    "title": "Garfield Feeds His Face: His 64th Book",
    "release_date": "December 12th, 2017"
  },
  {
    "title": "Garfield Eats and Runs: His 65th Book",
    "release_date": "May 15, 2018"
  },
  {
    "title": "Garfield Nutty as a Fruitcake: His 66th Book",
    "release_date": "December 11th, 2018"
  },
  {
    "title": "Garfield Slurps and Burps: His 67th Book",
    "release_date": "June 11th, 2019"
  },
  {
    "title": "Garfield Belly Laughs: His 68th Book",
    "release_date": "December 17th, 2019"
  },
  {
    "title": "Garfield Easy as Pie: His 69th Book",
    "release_date": "July 14, 2020"
  },
  {
    "title": "Garfield Goes Hog Wild: His 70th Book",
    "release_date": "December 15th, 2020"
  },
  {
    "title": "Garfield What Leftovers?: His 71st Book",
    "release_date": "June 15, 2021"
  },
  {
    "title": "Garfield Livin' the Sweet Life: His 72nd Book",
    "release_date": "December 7, 2021"
  },
  {
    "title": "Garfield Road Pizza: His 73rd Book",
    "release_date": "June 7, 2022"
  },
  {
    "title": "Garfield Home Cookin': His 74th Book",
    "release_date": "June 6, 2023"
  }
]
